97,A23A501E-23E9-4C67-8DFE-BA5B2FDA6E4D,1604164,flat97
98,8CA94CFD-41CE-4D12-8B80-BC2E0902B254,1604169,flat98
99,86B292EE-91FD-4F44-83F8-763DA84FAF84,1604167,flat99
100,AE97F85F-9686-4529-8BDF-0AE7D581F844,1604168,flat100
101,A451CA07-22B8-4CAC-89C9-D4B52334563A,1604170,flat101
102,2200A5BB-D5C1-4744-8FE8-2A83F223C58E,1604166,flat102
103,A1A2FA68-B5F2-44FB-991E-90257A359FFB,1603703,flat103
104,59AF9DC6-FCA3-465B-8394-D5FBF3B3584A,1604630,flat104
105,A442CBA5-97D9-497D-9573-F839F24D6C3D,1604629,flat105
106,A0FA61C9-DD91-4731-8F1D-32C1179182E0,1604628,flat106
107,6165C85F-4ABD-45F1-87C0-5459F874EE8F,1604622,flat107
108,5CA7CCE0-5600-42B3-BA45-2FB610ABDE94,1603704,flat108
109,9CA5C39A-CEB7-4FD7-B018-33D6F1CF58B2,1604479,flat109
110,982BAE30-E318-4440-A058-1F09BB627384,1604990,flat110
111,EF67C1EA-DDE3-45E1-B7EC-349C05B24972,1604984,flat111
112,712555FE-93A7-4E00-B305-E1EB3E084503,1604982,flat112
113,6114066D-CB10-46CF-9661-9F1DB730B266,1604981,flat113
114,CD679243-8154-4054-9053-965E30DD455C,1604985,flat114
115,A8004AA0-4560-43B8-A61D-A74DE3BD782A,1603790,flat115
116,A6B24DD6-48EA-4D14-BCF2-3B06BFB28BA0,1603788,flat116
117,D9DC3CC0-698C-457C-9584-39ADD407BA2B,1603789,flat117
118,A2757BBF-911F-4AA5-94D0-163CE1A737AA,1604473,flat118
119,16EB0429-08C5-459E-905E-3DCAC84AE5A4,1603787,flat119
120,6A7CC29A-333E-44C1-8147-7595355F5503,1603781,flat120
121,1FC7ECB0-4195-4B2E-871B-B55C97D362D6,1604983,flat121
122,94F747FE-AF07-4E6F-AF13-9299874FB397,1604987,flat122
123,8E5D1C88-E29F-4B1A-B478-2A47E5A5108C,1604989,flat123
124,D0BE529F-DD75-4BD9-BAFA-8329B5750639,1604588,flat124
125,60684319-955E-4827-AEBD-002373EAA85A,1604986,flat125
126,627F7B37-AC51-4B03-91A5-9710FBC67FED,1604480,flat126
127,944F14F8-EA53-496D-8FCD-7392413C8C1C,1602617,flat127
128,30C2D3B5-3C6D-4877-AE1B-96B923226DFF,1602620,flat128
129,CF170284-5E26-477E-82D3-BF2355ED08FD,1602615,flat129
130,CD7F63EA-C045-43CE-BF7B-0DB43F159737,1602619,flat130
131,91B29A93-93F5-42F6-B617-1DF3B45FF9BC,1602618,flat131
132,0B93F47A-2223-4A52-8A59-53D591FC9D7A,1602616,flat132
133,1B41AD59-3920-4332-A2CA-30EA2952FB3E,1604412,flat133
134,5ECF71EB-9577-4EFC-98BD-37B0011406E3,1603784,flat134
135,EDE0160B-FA79-45B8-8E47-46ADC46B13F1,1603785,flat135
136,67456D1C-A448-4106-8835-1C5E3B1B6B08,1603782,flat136
137,F180A564-9629-4163-A9AF-AFE0CE38C44C,1603783,flat137
138,2E264519-8152-47FC-A59D-93D5FC206F61,1603786,flat138
139,94427FD5-A70B-4C4E-A328-EA0C2C422C04,1603773,flat139
140,176177B0-65A9-46CA-B85E-08C42F088030,1603702,flat140
141,A485C3DC-3318-47BC-84B0-EE8C02B31D99,1604457,flat141
142,D1BE053A-FEB8-4F7B-B332-4E1A95C08B9D,1604458,flat142
143,E6A55A38-9A99-44B8-8919-54E33EE1C5DA,1604456,flat143
144,10A89847-62E3-448D-B56B-DB7079652231,1604454,flat144
145,205E30C2-767E-4C4D-BB37-4EBDF265C71B,1604453,flat145
146,055F7E2B-4613-467F-8782-E806FED0CEB0,1604452,flat146
147,A8103228-E861-4974-A049-2C5D16C25B6D,1604460,flat147
148,86A5E1BB-7A8A-40AD-B1E6-A8A778D81256,1604451,flat148
149,439BD526-11D2-4234-A7C8-7D385D79C2E7,1604455,flat149
150,B5D20278-09C5-46B4-8661-B5A316592BE3,1604459,flat149
151,8BDDBAE3-AC02-4E09-B72A-A5502C7A10AC,1603722,flat151
152,94002B7A-6706-4C54-A121-35ED4E87E0FB,1603721,flat152
153,A800A825-2B36-4D0E-ABF8-EDD5396F7C32,0,not work
154,1B24217A-07B5-45BA-B612-F55C3DAA5BE8,1604165,flat154
155,CC363765-6CF4-4911-806D-D696EFD43F78,1604162,flat155
156,0A74D008-A4DD-4010-9EB5-170593DC8807,1604161,flat156
157,B9ADD8A5-E0A0-4D91-A41C-DB2FF43BB4E4,39502419,flat157
158,4E231CB2-D93D-432D-BD36-AA5D46813061,1601756,flat158
159,5B811D45-5A52-4AD9-B97E-2740C52EDD9F,39502420,flat159
160,C87CE64F-3985-4D2D-8275-87ABA0027EA2,1601760,flat160
161,2E1CA45F-4968-4DA1-B821-B0E230CD410E,1601755,flat161
162,92C53685-171D-4EDD-95BD-F0E514F5C2E8,1601759,flat162
163,F0F27E58-AA89-4205-BEF0-01052EABD5AC,1604624,flat163
164,0017DC58-D94E-4250-8292-DF072C113E6D,1604625,flat164
165,FE15C2C0-23D1-41F3-B207-4EF524E4E2B0,1604627,flat165
166,2D843970-C442-4525-ABD6-3CD4278694DB,1604621,flat166
167,3C257101-49BB-4A0D-90BD-CB227FE9F34A,1604623,flat167
168,0E2BE60E-0D44-4906-82E8-FD677EED3BCD,1604626,flat168
169,671B2D97-8C02-43DB-BA1C-6E3C342C4617,1601751,flat169
170,3FAC0E94-9BAD-4341-AAF3-ED6E9EB86430,1601227,flat170
171,5CF4B951-6402-479D-9AD1-F766AE5C34C2,1601224,flat171
172,ED84B53B-0D22-4BBA-A963-DD00F613D069,1601754,flat172
173,B4945161-667B-4BC7-8999-8E671C28E680,1601222,flat173
174,B56B6E4D-AFDF-42AD-AA21-A7013B009EDF,1601753,flat174
175,6C7553F8-C220-4D71-B203-682DADD6EE94,1601752,flat175
176,D8FD4E85-6FBB-40DC-8C2B-4E1B4B16FD19,1601230,flat176
177,6720EF23-C995-4E49-A954-BFF6E5F577B4,1601228,flat177
178,9D63D35C-7921-463F-8991-55ED6312ADF6,1601757,flat178
179,F6E27341-37EA-4535-9D20-27D5AAEAEB3C,1601758,flat179
180,671AD4BC-5EC5-4C8C-8E95-4AA4AFD106B2,1601229,flat180
181,3FE01005-4C4E-4919-BB17-1669405D448C,1603766,flat181
182,31B1B351-A1D3-40CB-A0A0-B3F135C1A665,1603762,flat182
183,53734ADF-0CA2-4C5E-AAAA-3DE52435D1CA,1603765,flat183
184,8A90CC17-F577-4365-8FB2-BF5BDE089ED1,1603814,flat184
185,0EE7FEB4-FA76-455D-A588-AD10D06C1CF4,1603815,flat185
186,FA49FB5A-4D50-43AF-B656-9511D227FF71,1603813,flat186
187,9A1BCD50-34CD-458A-BB7E-052BE95E82AF,1603761,flat187
188,A3789824-9014-40CB-A396-7F2496C8361E,1603788,flat188
189,2DD90894-E6B8-4022-97F3-87CFC7CC8EA7,1603769,flat189
190,A2661DA2-A6C1-42EE-BBB8-740ECC0F7449,1603767,flat190
191,4DB91DC4-47B4-4F96-A0CD-2C22B665CB4D,1603770,flat191
192,72BE6F68-B29C-42C8-B347-840242AC3BD1,1603763,flat192
