65,1F1C627C-BC2B-452A-9410-14B3C0534CC7,99,24431699
66,DB99CE54-E29F-43A9-A8B5-D7156DEA87DB,64,24431764
67,12BB6697-75EF-4A19-BE42-09885454F9DC,55,24431755
68,C3AE28D7-BC24-4518-876B-064E5F84A6DC,85,24432485
69,CAF7F74A-6EED-4F37-B8D2-95CAC590EF66,16,24432616
70,EA4D9970-5F93-47DE-9451-09073C89A9DB,87,24432487
71,72145885-72A4-447B-83A3-43102E50CEDB,35,24432635
72,712FC13A-C851-4EC8-94C2-A2DB52FDC537,54,24431754
73,0125F070-F8AF-42DF-8A05-098D905074BF,4,24432604
74,B5A9BAE7-40EA-4809-BFBE-CF70E1E8E08C,15,24432515
75,1A007459-2F11-4D13-A044-C2758542A4E8,26,24432526
76,CAF07ECD-CFCC-4C87-8BFC-9ED540D68362,3,24435703
77,3999D8FF-3A71-44B6-958F-A55AF3CE00B0,86,24432586
78,F3FA73BC-25DF-40B5-8917-85873EA0D533,28,24448628
79,2A98709D-9402-46F9-8A9D-CA216137DDF3,47,24448647
80,90E32A22-3D1A-456D-A58A-3371BB2D223B,25,24448625
81,6A730FAB-D3C0-477E-95E6-B7EFD43752E3,6,24431606
82,7BB10020-6800-4F2E-A965-453364821104,37,24431537
83,0BBED783-0722-4FC6-89CD-3571F1FBDD75,117,24431541
84,4FD02170-664A-4AA2-A7AB-927221BE9D20,8,24431608
85,657CCDED-8EA6-465B-9679-8C9674FCB290,41,24448641notwork
86,7261DC6A-A041-4047-B177-9CF732707BD4,21,24448621
87,02001C21-0D6E-4557-89E7-65EF7F154A3F,50,24430250
88,3485C970-38E6-426F-BE28-42E9BEA6DE3D,65,24432565
89,7E83A843-11B6-4BC7-896A-54B4ABAB2F3E,36,24432636
90,18A89B9C-9A7F-42FC-9B2B-B0520D805A20,95,24448595
91,7752F4DF-F37B-4B37-BBA1-20002F61E92F,59,24430259
92,B12B308D-F19D-4007-B1F3-C457CEDBED63,29,24448629
93,A42CEC8A-B8C3-46AE-8AEC-C528DDDD5938,97,24432597
94,4C107DEB-2944-47D7-BF91-0456750DC643,116,24432564
95,187A4EA7-37A2-4630-A0C5-CF1693417332,215,24430215
96,77F42422-E262-4B49-BF16-279E11EE0FCE,51,24448651
97,012F35C2-6D34-44E5-9E87-4D1A9A3DFD22,1,24432600
98,62D26A3C-6501-4145-A8D9-5E6CC5A82539,18,24432518
99,FAEE283F-8A76-4CA0-8D88-BA1CB90CA37A,79,24432479
100,BA86709C-E7FB-4DCD-857A-B54BA2314319,115,24431708
101,8B4BF829-2E5F-4530-A972-F7B46E2D5309,7,24432507
102,2CED3A04-473C-4CBA-B3B8-2D742DBC9E90,114,24431703
103,5B0E24AD-982D-4584-973C-0F3E95868770,52,24431752
104,7747FF26-EA3F-48EC-96DC-EF933CA4229E,82,24432582notwork
105,9415C319-AB9E-4B72-AD4D-C47114DF9E35,78,24432578
106,E513E8EE-9121-48C6-BBDA-6B36AD1B527A,113,24432559
107,324CDED5-6654-4E4F-8F19-B38CA2AA1ED1,38,24432638
108,C157B75F-967D-41EC-9B40-AC2CDC6F2DA7,2,24431702
109,8C4C7EA7-6878-470D-BB72-583E25EEC390,112,24432587
110,BDCF69F1-35C6-4123-A2B7-D13FED209DC5,19,24432619
111,5825E7AA-578D-4496-84CB-D5D185D47BAE,66,24432566
112,DD848275-5888-4CB6-BA44-20D062EB7C16,61,24432561
113,77972AAF-B01B-425A-8AD4-3D604DA67FDD,34,24432634
114,40DAFB46-4554-4A36-9075-6D49ADE94F7A,111,24432506
115,92D06535-934E-4A11-980E-7CC2B77BA3A8,110,24431518
116,7D0E852B-DCF1-4B7D-971B-0E8C8D572BF6,109,24432550
117,DD54D493-B936-4646-8C56-3B04ECF213CA,108,24432628
118,B536DAE4-38C7-4C93-8267-98700170EEB3,96,24432496
119,2FB895A1-80BD-4B43-B172-25664573D0C5,13,24432513
120,8332BD83-85C6-4117-B443-7A448051CB46,107,24431761
121,CB33A70F-2CE2-443D-9790-9A0AAA398662,106,24448251
122,A7DED703-E0F5-4154-A193-ED98207623F4,105,24448325
123,8CC0DE3E-6508-49FD-B318-A5492139DFAA,104,24448264
124,8918493F-81A8-49CD-936F-9388B6AC0814,103,24448259
125,FC5669FD-D367-4CAD-AF8E-0073DF654823,42,24448242
126,FFA3D6A4-7598-4841-872E-2F65E16436F6,235,24448235
127,76BFA10D-2173-4A4E-862C-FB19FB90B775,102,24448252
128,EB6C1131-C4C3-428F-8200-AC0B7DF39D80,101,24448296
