129,74EF76BB-CA33-42B5-ABFE-04649A953EC5,1602226,netdostypa
130,348F72F6-663B-49AB-BE11-46F70310EA0C,28500212,netdostypa
131,6729B235-087F-4232-A1D3-2335B57AF26C,1602223,netdostypa
132,95661081-0BD1-48DF-B4B0-40E1AF6C5CB0,1604408,netdostypa
133,0EAA1FEC-9496-469F-9EE9-F18A1FAE9D6C,1602221,flat133
134,29DF4544-3348-48E5-886C-135CAC49E6E9,1602230,flat134
135,7D54AC6D-943C-4E84-A669-4C57FC77AB0F,1603798,flat135
136,B8E37E0B-C1BF-44A1-B357-6D386C2F9485,1602222,flat136
137,9B8537B0-A349-4CA0-85D8-EEF9C78928E5,1603797,flat137
138,5FBD71B2-6D0B-4504-B457-49D10AE60D9F,1602225,flat138
139,320E4A05-B244-4C02-B652-9BEEE681CD50,1603796,flat139
140,F2B4B8DB-F673-4E02-AF42-08D5BD1D28BD,1602228,flat140
141,A837A43E-ADE5-44E1-9E70-E465319D0AF0,1602227,flat141
142,D38F4324-44F8-498F-BB7C-06C7B7A22651,1602229,flat142
143,6C18FB91-3321-4894-8907-B420814B41B1,1602224,flat143
144,BDDFB4EB-024F-41AC-BB6F-A00558F3878D,1603799,flat144
145,FF57912F-B3D3-400E-A3EF-F6212C07DBBB,28500218,flat145
146,B7894374-0A7F-46DA-BD11-6AF610415EC7,1603715,flat146
147,49B588FB-EE27-4DED-AEA6-9308A4BC5675,1603718,flat147
148,713DED0F-4A68-4566-83C1-420CDA91D486,1603714,flat148
149,C232D9BE-72A2-494B-A92C-F63891198FEC,1603717,flat149
150,F1D33CE3-5622-4E00-91D4-C3C3A757731D,1603716,flat150
151,78654B17-6EFE-40C3-98AA-BD3C0DC0E5E2,1603720,flat151
152,79F0F279-53A6-48FD-891F-EC6254E6E232,1603719,flat152
153,E1DD2C3B-C395-46AC-94F2-234C8D5E1B09,28500219,flat153
154,BDC13DA8-59E0-4BB6-9D51-D769CF421FA1,28500215,flat154
155,181B2B86-4773-46C3-BF5C-02114B52F8F0,28500217,flat155
156,18E15AE8-FC40-4DD0-9279-F988B4FF3F45,28500211,flat156
157,46D514BE-34D3-441D-A17B-470387202DD9,1603712,flat157
158,CB19252F-DFCB-4E41-B453-51F5F36A6355,1603713,flat158
159,A4EC515D-6F42-4BC5-BCA5-F06937CF8C3F,1603711,flat159
160,240BA34A-85CD-48D4-BA71-6E9A1299865C,28500214,flat160
161,11B1B4D8-7F1B-45F1-8B6D-07DD2EEFE691,1604268,flat161
162,C9A34681-CE82-4350-8D10-1F7E4E9EFBBB,1604262,flat162
163,B275D000-0981-414A-82B7-8CE6EF86D9F8,1604265,flat163
164,B051E456-8BFE-4DE6-AA71-17C20976186C,1604263,flat164
165,A0FBBDE6-4DF6-4886-9BFE-D3F63A199DB8,28500216,flat165
166,9F7C9509-BC0D-46DD-95A7-B1669E3267E8,1604267,flat166
167,851D0182-7C9F-4C16-ADD8-43BB7FB44BE7,28500213,flat167
168,8F44CFB2-FAD5-4D56-B81A-6C8B37A9804F,1604467,flat168
169,64A08058-C260-48EA-A7CE-0675562D4B88,1604466,flat169
170,B07F96ED-C2A9-4FB7-9B03-77E3820A9637,1604266,flat170
171,C6759D9A-75BF-4F45-AE81-91FD692BDFF7,28500220,flat171
172,A56BB19B-6BF3-4B60-82EA-6018B5B81161,1604468,flat172
173,7561C832-9382-4DEF-A74C-A40037AB8405,1604270,flat173
174,2BE0C1B9-CE3B-4297-901A-A6B823B9997D,1604269,flat174
175,318A7A57-B981-4CE7-A3B1-9E6A9BC5DE5A,1604261,flat175
176,935B3057-0EB6-4EF6-B133-8C1B32F55A98,1604264,flat176
177,F928D3F2-3828-4AA3-A22A-0181FE05092E,28500971,flat177
178,768E6DFC-9C7F-4C69-A786-060F846A4555,1602296,flat178
179,AB33C848-077B-4ACF-9D88-8461002A4562,28500978,flat179
180,CFC4C23D-AEDC-49F3-98E1-F57516407780,1602293,flat180
181,CAD1B119-C535-445C-8741-B99FB4981BD8,28500975,flat181
182,A2D0A55F-9F36-44DC-934B-7ADDC197D35D,1602293,flat182
183,265969D7-E9C8-4C2D-816B-DE74ABE3FB20,28500972,flat183
184,33E58723-46A0-4137-8D7E-BA677AEB759A,1602291,flat184
185,1EE92FC6-6FAA-4808-ADFB-AA6E516FA373,28500979,flat185
186,2B69D340-2E16-436D-9907-43721D5DEB0D,28500980,flat186
187,860B0DAC-7464-476D-A35A-EF3138946E07,28500974,flat187
188,4F091AC2-4F94-4085-875A-71FB8B48F1A4,28500975,flat188
189,C8C1A7E1-2D28-4E88-9074-4C56BC146A65,1602295,flat189
190,A1422A44-B405-4BEB-BF6C-FC991C86AFAA,1602292,flat190
191,E17D72AE-706B-4FA6-B471-0803B1E59928,28500973,flat191
192,E5A9C741-B9F5-4A78-9BFD-38AEAD58A4E6,28500977,flat192
